{
 "n_mocks": 100,
 "accuracy": 0.5,
 "accuracy_CI68": [
  45.0,
  55.0
 ],
 "ph_mean": 0.5251530243426319,
 "ph_mean_se": 0.030113263510558756,
 "ph_quantiles": {
  "0.05": 0.056987013146749324,
  "0.25": 0.27975940922935677,
  "0.5": 0.5071455859274935,
  "0.75": 0.8198271017032867,
  "0.95": 0.9477859784660788
 },
 "KS_D": 0.10000344857315291,
 "KS_p": 0.2526574475531126,
 "P_RIP_null_min": 0.015182685977616853,
 "P_RIP_null_median": 0.4924442190279404,
 "n_below_real": 0,
 "calibrated_p_upper95": 0.029513049607039925,
 "OTHER_max": 0.0014162077104642014,
 "boundary_max": 0.000870807063986903,
 "mock000": {
  "P_heat": 0.5227530129228982,
  "P_RIP": 0.47576593582111226
 }
}