{
 "ombh2": 0.022629416582497192,
 "omegam": 0.296801644757444,
 "H0": 68.80609002111032,
 "Mb": -19.397211225138456,
 "omch2": 0.11724054230390356,
 "chi2": 1498.3401104889924
}