{
 "union3_w0wa": {
  "chi2": 29.766380224679985
 },
 "union3_lcdm": {
  "chi2": 43.41451041437527
 },
 "desdovekie_w0wa": {
  "chi2": 1639.4447989549635
 },
 "desdovekie_lcdm": {
  "chi2": 1650.0874575450196
 },
 "union3_ladder": {
  "dchi2": 13.648130189695287,
  "p": 0.001087291981314854,
  "nsigma": 3.266907505632496
 },
 "desdovekie_ladder": {
  "dchi2": 10.642658590056044,
  "p": 0.004886254132934127,
  "nsigma": 2.8144383999791778
 }
}