{
 "root": "runs/phase3/fdata/d1",
 "n_samples": 11060,
 "CRUNCH": {
  "P": 0.0,
  "mc_err": 0.0
 },
 "RIP": {
  "P": 0.0030738995691501425,
  "mc_err": 0.0008894860996936725
 },
 "DS": {
  "P": 0.0,
  "mc_err": 0.0
 },
 "DECAY": {
  "P": 0.9969261004308498,
  "mc_err": 0.0008894860996936726
 },
 "OTHER": {
  "P": 0.0,
  "mc_err": 0.0
 },
 "boundary_fraction": 0.0,
 "P_heat_death_compatible": 0.9969261004308498
}