{
 "KL_per_bin": {
  "w1": 3.0346816699389976,
  "w2": 2.3114871193979534,
  "w3": 1.5505746881006761,
  "w4": 0.23693232145080842
 },
 "a_h": null
}