{
 "model": "bin4",
 "n": 54880,
 "CRUNCH": {
  "P": 0.0,
  "mc_err": 0.0
 },
 "RIP": {
  "P": 0.4120148637489678,
  "mc_err": 0.006807530110403346
 },
 "DS": {
  "P": 0.17606202403890264,
  "mc_err": 0.002916138811175904
 },
 "DECAY": {
  "P": 0.41192311221212957,
  "mc_err": 0.0076456338545672796
 },
 "OTHER": {
  "P": 0.0,
  "mc_err": 0.0
 },
 "boundary_fraction": 0.2587439214606845,
 "P_heat": 0.5879851362510322
}