{
 "model": "jbp",
 "n": 19628,
 "CRUNCH": {
  "P": 0.0,
  "mc_err": 0.0
 },
 "RIP": {
  "P": 0.007903406701247721,
  "mc_err": 0.0016643412278068504
 },
 "DS": {
  "P": 0.0,
  "mc_err": 0.0
 },
 "DECAY": {
  "P": 0.9920965932987523,
  "mc_err": 0.0016643412278068508
 },
 "OTHER": {
  "P": 0.0,
  "mc_err": 0.0
 },
 "boundary_fraction": 0.0,
 "P_heat": 0.9920965932987523
}