{
 "model": "bin4",
 "n": 54880,
 "CRUNCH": {
  "P": 0.0,
  "mc_err": 0.0
 },
 "RIP": {
  "P": 0.0,
  "mc_err": 0.0
 },
 "DS": {
  "P": 0.17606202403890264,
  "mc_err": 0.002916138811175904
 },
 "DECAY": {
  "P": 5.5050922102945225e-05,
  "mc_err": 5.285412262156447e-05
 },
 "OTHER": {
  "P": 0.8238829250389944,
  "mc_err": 0.0029149980028555034
 },
 "boundary_fraction": 0.2595605101385448,
 "P_heat": 0.1761170749610056
}