{
 "model": "ba",
 "n": 20188,
 "CRUNCH": {
  "P": 0.0,
  "mc_err": 0.0
 },
 "RIP": {
  "P": 0.012774015470038836,
  "mc_err": 0.0017163787233714395
 },
 "DS": {
  "P": 0.003690984369483583,
  "mc_err": 0.0007068556715386407
 },
 "DECAY": {
  "P": 0.9835350001604776,
  "mc_err": 0.0019699916628345914
 },
 "OTHER": {
  "P": 0.0,
  "mc_err": 0.0
 },
 "boundary_fraction": 0.004348942452739353,
 "P_heat": 0.9872259845299611
}