{
 "model": "cpl",
 "n": 31360,
 "CRUNCH": {
  "P": 0.0,
  "mc_err": 0.0
 },
 "RIP": {
  "P": 0.0020812782517262685,
  "mc_err": 0.0007631016252105762
 },
 "DS": {
  "P": 0.0,
  "mc_err": 0.0
 },
 "DECAY": {
  "P": 0.9979187217482738,
  "mc_err": 0.0007631016252105782
 },
 "OTHER": {
  "P": 0.0,
  "mc_err": 0.0
 },
 "boundary_fraction": 0.0,
 "P_heat": 0.9979187217482738
}