{
 "model": "ba",
 "n": 20188,
 "CRUNCH": {
  "P": 0.0,
  "mc_err": 0.0
 },
 "RIP": {
  "P": 0.0,
  "mc_err": 0.0
 },
 "DS": {
  "P": 0.003690984369483583,
  "mc_err": 0.0007068556715386407
 },
 "DECAY": {
  "P": 0.890923388002696,
  "mc_err": 0.005774698306901735
 },
 "OTHER": {
  "P": 0.10538562762782039,
  "mc_err": 0.005686526877572527
 },
 "boundary_fraction": 0.05716211445261097,
 "P_heat": 0.8946143723721796
}