{
 "model": "bin4",
 "n": 54880,
 "method": "A-005 exact finite-limit fate semantics",
 "boundary_definition": "|w_inf + 1| <= 0.01 for finite-limit models; threshold variation otherwise",
 "CRUNCH": {
  "P": 0.0,
  "mc_err": 0.0
 },
 "RIP": {
  "P": 0.4995871180842279,
  "mc_err": 0.007766128001098241
 },
 "DS": {
  "P": 0.0,
  "mc_err": 0.0
 },
 "DECAY": {
  "P": 0.500412881915772,
  "mc_err": 0.007766128001098241
 },
 "OTHER": {
  "P": 0.0,
  "mc_err": 0.0
 },
 "boundary_fraction": 0.17606202403890264,
 "P_heat": 0.500412881915772
}