{
  "status": "exploratory post-hoc audit",
  "seed": 20260720,
  "n_proposals": 2000000,
  "method": "A-005 exact finite-limit fate boundary plus A-006 BIN4 early-DE gate",
  "boundary_adjacent_epsilon": 0.01,
  "warning": "coordinate-wise flat priors, dimensions, constraints, and induced function-space measures differ across grammars",
  "models": {
    "CPL": {
      "support": "w0 in [-3,1], wa in [-3,2], conditioned on w0+wa<0",
      "RIP": {
        "P": 0.2579411592050745,
        "mc_se": 0.0003513888773322112
      },
      "DS": {
        "P": 0.0,
        "mc_se": 0.0
      },
      "DECAY": {
        "P": 0.7420588407949255,
        "mc_se": 0.0003513888773322113
      },
      "n_accepted": 1550183
    },
    "JBP": {
      "support": "w0 in [-3,1], wa in [-3,2], conditioned on w0<0",
      "RIP": {
        "P": 0.39977271894131017,
        "mc_se": 0.0003999160872725393
      },
      "DS": {
        "P": 0.0,
        "mc_se": 0.0
      },
      "DECAY": {
        "P": 0.6002272810586898,
        "mc_se": 0.0003999160872725393
      },
      "n_accepted": 1500345
    },
    "BA": {
      "support": "w0 in [-3,1], wa in [-3,2], conditioned on w0<0",
      "RIP": {
        "P": 0.5838477150255441,
        "mc_se": 0.00040242075040614875
      },
      "DS": {
        "P": 0.0,
        "mc_se": 0.0
      },
      "DECAY": {
        "P": 0.4161522849744559,
        "mc_se": 0.00040242075040614875
      },
      "n_accepted": 1500345
    },
    "BIN4": {
      "support": "w1..w4 in [-3,1], omegam in [0.01,0.99], H0 in [20,100]; conditioned on w4<0 and rho_DE/rho_m(z=1059)<0.01",
      "RIP": {
        "P": 0.5058070782711888,
        "mc_se": 0.00041674305218747674
      },
      "DS": {
        "P": 0.0,
        "mc_se": 0.0
      },
      "DECAY": {
        "P": 0.49419292172881124,
        "mc_se": 0.00041674305218747674
      },
      "n_accepted": 1439278
    },
    "GP_CONSTRUCTION": {
      "support": "assigned conditional-mean future w_inf=-1",
      "RIP": {
        "P": 0.0,
        "mc_se": 0.0
      },
      "DS": {
        "P": 1.0,
        "mc_se": 0.0
      },
      "DECAY": {
        "P": 0.0,
        "mc_se": 0.0
      },
      "n_accepted": null,
      "note": "deterministic construction; not a normalized fitted-prior estimate"
    }
  }
}
