{
  "model": {
    "x_hat": "Normal(theta0, sigma_data)",
    "posterior": "theta | x_hat ~ Normal(x_hat, sigma_post)",
    "class_A": "theta > 0"
  },
  "baseline": {
    "theta0": 0.0,
    "sigma_data": 1.0,
    "sigma_post": 1.0,
    "seed": 20260706,
    "n": 200000,
    "mean": 0.500960229715168,
    "variance": 0.08355885349467483,
    "uniform_variance": 0.08333333333333333,
    "direction_rate_P_gt_0p5": 0.502015,
    "ks_D_vs_uniform": 0.002497600743509465,
    "ks_p_vs_uniform": 0.16459278898001906,
    "quantiles_0p01_0p05_0p25_0p5_0p75_0p95_0p99": [
      0.00987453315327529,
      0.050009103656041214,
      0.2505656778504306,
      0.5019228295204237,
      0.7514412519399754,
      0.9503495699559595,
      0.9897622781801941
    ]
  },
  "off_boundary_theta0_0p5sigma": {
    "n": 200000,
    "mean": 0.638988264060451,
    "variance": 0.07548694546649945,
    "uniform_variance": 0.08333333333333333,
    "direction_rate_P_gt_0p5": 0.692035,
    "ks_D_vs_uniform": 0.1989657397487299,
    "ks_p_vs_uniform": 0.0,
    "quantiles_0p01_0p05_0p25_0p5_0p75_0p95_0p99": [
      0.03366170583959276,
      0.12554932568878066,
      0.43167062195239125,
      0.6935962988470978,
      0.8804845355438871,
      0.9842317550526698,
      0.997658784127901
    ]
  },
  "off_boundary_theta0_1p0sigma": {
    "n": 200000,
    "mean": 0.7597947713483556,
    "variance": 0.05605332635635868,
    "uniform_variance": 0.08333333333333333,
    "direction_rate_P_gt_0p5": 0.839655,
    "ks_D_vs_uniform": 0.3827091944044307,
    "ks_p_vs_uniform": 0.0,
    "quantiles_0p01_0p05_0p25_0p5_0p75_0p95_0p99": [
      0.09288354972139744,
      0.2588665127267733,
      0.625291382558659,
      0.8420917997024862,
      0.9527800488460222,
      0.9959518080086975,
      0.9995344349821144
    ]
  },
  "posterior_width_mismatch_sigma_post_1p5sigma": {
    "n": 200000,
    "mean": 0.5002621731666742,
    "variance": 0.049562864955362704,
    "uniform_variance": 0.08333333333333333,
    "direction_rate_P_gt_0p5": 0.49985,
    "ks_D_vs_uniform": 0.09806988698526375,
    "ks_p_vs_uniform": 0.0,
    "quantiles_0p01_0p05_0p25_0p5_0p75_0p95_0p99": [
      0.06102653112064,
      0.13667169368400886,
      0.3272203939587479,
      0.499904694297268,
      0.673563343775737,
      0.862729664312716,
      0.9391139245116075
    ]
  },
  "posterior_width_mismatch_sigma_post_0p7sigma": {
    "n": 200000,
    "mean": 0.49976048928819566,
    "variance": 0.1174686106567042,
    "uniform_variance": 0.08333333333333333,
    "direction_rate_P_gt_0p5": 0.49968,
    "ks_D_vs_uniform": 0.08679476773165137,
    "ks_p_vs_uniform": 0.0,
    "quantiles_0p01_0p05_0p25_0p5_0p75_0p95_0p99": [
      0.0004676234334076578,
      0.009407188853899698,
      0.16622155431415742,
      0.4995763173658913,
      0.8329317287325124,
      0.9907440273111934,
      0.9995621865618481
    ]
  },
  "analytic_result": "If theta0=0 and sigma_post=sigma_data, then P(theta>0|data)=Phi(Z), Z~Normal(0,1), hence Uniform(0,1)."
}