{
 "root": "runs/phase3/fprior/p2",
 "n_samples": 28224,
 "CRUNCH": {
  "P": 0.0,
  "mc_err": 0.0
 },
 "RIP": {
  "P": 0.0,
  "mc_err": 0.0
 },
 "DS": {
  "P": 0.0,
  "mc_err": 0.0
 },
 "DECAY": {
  "P": 0.9933293029070304,
  "mc_err": 0.0012117249762088967
 },
 "OTHER": {
  "P": 0.006670697092969639,
  "mc_err": 0.0012117249762088958
 },
 "boundary_fraction": 0.0019571476877990796,
 "P_heat_death_compatible": 0.9933293029070304
}