{
 "root": "runs/phase3/fprior/p3",
 "n_samples": 25284,
 "CRUNCH": {
  "P": 0.0,
  "mc_err": 0.0
 },
 "RIP": {
  "P": 0.0,
  "mc_err": 0.0
 },
 "DS": {
  "P": 0.0,
  "mc_err": 0.0
 },
 "DECAY": {
  "P": 0.9949665794827085,
  "mc_err": 0.001233711945145802
 },
 "OTHER": {
  "P": 0.005033420517291485,
  "mc_err": 0.0012337119451458016
 },
 "boundary_fraction": 0.002150537634408602,
 "P_heat_death_compatible": 0.9949665794827085
}