{
 "root": "runs/phase2/mc/d0",
 "n_samples": 37436,
 "CRUNCH": {
  "P": 0.0,
  "mc_err": 0.0
 },
 "RIP": {
  "P": 0.0017919572741167582,
  "mc_err": 0.0006420905943939303
 },
 "DS": {
  "P": 0.0,
  "mc_err": 0.0
 },
 "DECAY": {
  "P": 0.9982080427258833,
  "mc_err": 0.00064209059439393
 },
 "OTHER": {
  "P": 0.0,
  "mc_err": 0.0
 },
 "boundary_fraction": 0.0,
 "P_heat_death_compatible": 0.9982080427258833
}