{
 "lnZ_CPL": -773.7622937083197,
 "lnZ_CPL_err": 0.23526326984992424,
 "P_fate_nested": {
  "CRUNCH": 0.0,
  "RIP": 0.001646161843701265,
  "DS": 0.0,
  "DECAY": 0.9983538381562987,
  "OTHER": 0.0
 },
 "P_RIP_se_binom": 0.00037734445843604243,
 "uncertainty_note": "P_RIP_se_binom describes the fixed-seed equal-weight resample only; it is not repeated-run nested-sampling uncertainty",
 "lnZ_LCDM": -772.0024708412291,
 "lnZ_LCDM_err": 0.20944979510373732,
 "lnB_CPL_over_LCDM": -1.7598228670906337,
 "lnB_err": 0.31498892489971103
}
